gene_symbol	ensembl_id	total_drugs	female_biased_drugs	male_biased_drugs	total_signals	f_signals	m_signals	female_fraction	sex_bias_score	mean_log_ratio	median_log_ratio
GMPS	ENSG00000163655	1	1	0	1	1	0	1.0	1.0	0.5011	0.5011
CLDN18	ENSG00000066405	1	1	0	3	3	0	1.0	1.0	0.7697	0.7575
S1PR4	ENSG00000125910	1	0	1	2	0	2	0.0	-1.0	-0.8445	-0.8445
PTGER4	ENSG00000171522	1	0	1	1	0	1	0.0	-1.0	-1.1015	-1.1015
CCKAR	ENSG00000163394	1	0	1	1	0	1	0.0	-1.0	-1.0379	-1.0379
PKLR	ENSG00000262785	1	0	1	4	0	4	0.0	-1.0	-0.7094	-0.6364
CALCR	ENSG00000004948	1	0	1	3	0	3	0.0	-1.0	-0.8796	-0.8227
AKT2	ENSG00000105221	1	0	1	1	0	1	0.0	-1.0	-1.0244	-1.0244
AKT3	ENSG00000275199	1	0	1	1	0	1	0.0	-1.0	-1.0244	-1.0244
AKT1	ENSG00000142208	1	0	1	1	0	1	0.0	-1.0	-1.0244	-1.0244
CYP11A1	ENSG00000288362	1	0	1	6	0	6	0.0	-1.0	-0.8553	-0.8568
CYP11B1	ENSG00000160882	2	0	2	8	0	8	0.0	-1.0	-0.8194	-0.7861
TYK2	ENSG00000105397	2	0	2	8	0	8	0.0	-1.0	-0.6828	-0.6442
SSTR1	ENSG00000139874	1	0	1	3	0	3	0.0	-1.0	-0.8456	-0.8036
PTGER3	ENSG00000050628	2	0	2	9	0	9	0.0	-1.0	-2.6152	-2.4536
SSTR2	ENSG00000180616	1	0	1	3	0	3	0.0	-1.0	-0.8456	-0.8036
SSTR3	ENSG00000278195	1	0	1	3	0	3	0.0	-1.0	-0.8456	-0.8036
SSTR5	ENSG00000162009	1	0	1	3	0	3	0.0	-1.0	-0.8456	-0.8036
SSTR4	ENSG00000132671	1	0	1	3	0	3	0.0	-1.0	-0.8456	-0.8036
SI	ENSG00000090402	1	1	0	2	2	0	1.0	1.0	0.727	0.727
GNRHR	ENSG00000109163	2	2	0	2	2	0	1.0	1.0	2.533	2.533
ADA	ENSG00000196839	1	1	0	3	3	0	1.0	1.0	0.9103	0.9898
IL6ST	ENSG00000134352	1	0	1	3	0	3	0.0	-1.0	-0.9152	-0.9058
SLC10A2	ENSG00000125255	2	2	0	3	3	0	1.0	1.0	0.8135	0.6703
MME	ENSG00000196549	1	1	0	1	1	0	1.0	1.0	1.6124	1.6124
OXTR	ENSG00000180914	2	0	2	6	0	6	0.0	-1.0	-2.5581	-2.4832
CYP17A1	ENSG00000148795	1	1	0	2	2	0	1.0	1.0	2.2557	2.2557
CCR5	ENSG00000160791	1	1	0	8	8	0	1.0	1.0	1.09	1.0593
KEAP1	ENSG00000079999	1	0	1	25	0	25	0.0	-1.0	-0.8682	-0.737
KCNN4	ENSG00000104783	1	0	1	3	0	3	0.0	-1.0	-1.1209	-1.0478
TFPI	ENSG00000003436	1	1	0	4	4	0	1.0	1.0	1.102	1.0762
IL3RA	ENSG00000292332	1	1	0	1	1	0	1.0	1.0	1.6162	1.6162
EEF2	ENSG00000167658	1	1	0	1	1	0	1.0	1.0	1.6162	1.6162
PNLIP	ENSG00000175535	1	0	1	7	0	7	0.0	-1.0	-1.0664	-1.0333
DRD5	ENSG00000169676	1	1	0	1	1	0	1.0	1.0	1.2014	1.2014
LIPF	ENSG00000182333	1	0	1	7	0	7	0.0	-1.0	-1.0664	-1.0333
IFNG	ENSG00000111537	1	1	0	2	2	0	1.0	1.0	1.2331	1.2331
IFNA2	ENSG00000188379	1	0	1	1	0	1	0.0	-1.0	-1.4754	-1.4754
DIO1	ENSG00000211452	1	0	1	4	0	4	0.0	-1.0	-1.1588	-1.2034
IL6	ENSG00000136244	1	1	0	2	2	0	1.0	1.0	0.9527	0.9527
AHR	ENSG00000106546	1	0	1	1	0	1	0.0	-1.0	-1.3263	-1.3263
KRAS	ENSG00000133703	2	2	0	5	5	0	1.0	1.0	0.8947	0.9927
DRD1	ENSG00000184845	1	1	0	1	1	0	1.0	1.0	1.2014	1.2014
GAA	ENSG00000291507	1	1	0	2	2	0	1.0	1.0	0.727	0.727
MGAM2	ENSG00000278563	1	1	0	2	2	0	1.0	1.0	0.727	0.727
EPAS1	ENSG00000116016	1	1	0	3	3	0	1.0	1.0	0.7567	0.7513
ITGB3	ENSG00000259207	1	1	0	1	1	0	1.0	1.0	0.5769	0.5769
NFE2L2	ENSG00000116044	1	0	1	4	0	4	0.0	-1.0	-0.6671	-0.6528
LAMA4	ENSG00000112769	1	1	0	2	2	0	1.0	1.0	0.5094	0.5094
FN1	ENSG00000115414	1	1	0	2	2	0	1.0	1.0	0.5094	0.5094
LAMA5	ENSG00000130702	1	1	0	2	2	0	1.0	1.0	0.5094	0.5094
LAMB2	ENSG00000172037	1	1	0	2	2	0	1.0	1.0	0.5094	0.5094
LAMA3	ENSG00000053747	1	1	0	2	2	0	1.0	1.0	0.5094	0.5094
LAMB3	ENSG00000196878	1	1	0	2	2	0	1.0	1.0	0.5094	0.5094
SRD5A1	ENSG00000145545	2	2	0	6	6	0	1.0	1.0	2.5851	2.2557
SRD5A3	ENSG00000128039	2	2	0	6	6	0	1.0	1.0	2.5851	2.2557
LAMA2	ENSG00000196569	1	1	0	2	2	0	1.0	1.0	0.5094	0.5094
LAMC2	ENSG00000058085	1	1	0	2	2	0	1.0	1.0	0.5094	0.5094
LAMA1	ENSG00000101680	1	1	0	2	2	0	1.0	1.0	0.5094	0.5094
LAMC1	ENSG00000135862	1	1	0	2	2	0	1.0	1.0	0.5094	0.5094
LAMB4	ENSG00000091128	1	1	0	2	2	0	1.0	1.0	0.5094	0.5094
TACR3	ENSG00000169836	1	0	1	1	0	1	0.0	-1.0	-5.7443	-5.7443
LAMC3	ENSG00000050555	1	1	0	2	2	0	1.0	1.0	0.5094	0.5094
LAMB1	ENSG00000091136	1	1	0	2	2	0	1.0	1.0	0.5094	0.5094
C3	ENSG00000125730	1	0	1	1	0	1	0.0	-1.0	-0.5321	-0.5321
IDH1	ENSG00000138413	1	0	1	1	0	1	0.0	-1.0	-0.5213	-0.5213
ITGA2B	ENSG00000005961	1	1	0	1	1	0	1.0	1.0	0.5769	0.5769
TNNC1	ENSG00000114854	1	1	0	1	1	0	1.0	1.0	0.6064	0.6064
NAE1	ENSG00000159593	1	1	0	2	2	0	1.0	1.0	0.7507	0.7507
UBA3	ENSG00000144744	1	1	0	2	2	0	1.0	1.0	0.7507	0.7507
TSHR	ENSG00000165409	1	0	1	1	0	1	0.0	-1.0	-0.7693	-0.7693
RYR3	ENSG00000198838	1	1	0	1	1	0	1.0	1.0	0.7203	0.7203
RYR1	ENSG00000196218	1	1	0	1	1	0	1.0	1.0	0.7203	0.7203
SIGMAR1	ENSG00000147955	1	1	0	1	1	0	1.0	1.0	0.6482	0.6482
IL1RAP	ENSG00000196083	1	0	1	1	0	1	0.0	-1.0	-0.6455	-0.6455
IL1RL2	ENSG00000115598	1	0	1	1	0	1	0.0	-1.0	-0.6455	-0.6455
TNNT2	ENSG00000118194	1	1	0	1	1	0	1.0	1.0	0.6064	0.6064
LEPR	ENSG00000116678	1	0	1	2	0	2	0.0	-1.0	-0.5809	-0.5809
TNNI3	ENSG00000129991	1	1	0	1	1	0	1.0	1.0	0.6064	0.6064
ADH1C	ENSG00000248144	1	1	0	1	1	0	1.0	1.0	0.6038	0.6038
SDC4	ENSG00000124145	1	0	1	1	0	1	0.0	-1.0	-0.5855	-0.5855
CD74	ENSG00000019582	1	0	1	1	0	1	0.0	-1.0	-0.5855	-0.5855
KCNJ8	ENSG00000121361	1	1	0	1	1	0	1.0	1.0	0.5948	0.5948
MC4R	ENSG00000166603	2	0	2	3	0	3	0.0	-1.0	-1.7884	-0.912
ADH1B	ENSG00000196616	1	1	0	1	1	0	1.0	1.0	0.6038	0.6038
ADH1A	ENSG00000187758	1	1	0	1	1	0	1.0	1.0	0.6038	0.6038
CALCRL	ENSG00000064989	4	1	4	91	54	37	0.25	-0.75	0.3226	0.7612
MAOB	ENSG00000069535	3	1	3	10	1	9	0.3333	-0.6667	-0.7494	-0.9062
SRD5A2	ENSG00000277893	3	3	1	21	17	4	1.0	0.6667	1.5851	1.6986
ESR1	ENSG00000091831	3	1	3	27	2	25	0.3333	-0.6667	-2.1993	-1.8496
HCRTR2	ENSG00000137252	3	1	3	31	3	28	0.3333	-0.6667	-0.5695	-0.6653
HCRTR1	ENSG00000121764	3	1	3	31	3	28	0.3333	-0.6667	-0.5695	-0.6653
PPARG	ENSG00000132170	3	3	1	49	46	3	1.0	0.6667	0.6058	0.6642
CHRM2	ENSG00000181072	5	2	5	85	19	66	0.4	-0.6	-0.7067	-0.9757
PGR	ENSG00000082175	5	2	5	65	2	63	0.4	-0.6	-1.5822	-1.0784
AR	ENSG00000169083	7	7	3	63	45	18	1.0	0.5714	1.3003	1.6449
ITGB2	ENSG00000160255	2	2	1	21	3	18	1.0	0.5	-0.6438	-0.7862
MGAM	ENSG00000257335	2	2	1	15	9	6	1.0	0.5	0.1835	0.5699
COL15A1	ENSG00000204291	2	2	1	26	18	8	1.0	0.5	0.3443	0.575
COL4A5	ENSG00000188153	2	2	1	26	18	8	1.0	0.5	0.3443	0.575
IL5	ENSG00000113525	2	1	2	257	123	134	0.5	-0.5	-0.0341	-0.529
RXRB	ENSG00000227322	2	1	2	31	9	22	0.5	-0.5	-0.5425	-0.7996
RXRA	ENSG00000186350	2	1	2	31	9	22	0.5	-0.5	-0.5425	-0.7996
RXRG	ENSG00000143171	2	1	2	31	9	22	0.5	-0.5	-0.5425	-0.7996
S1PR1	ENSG00000170989	2	1	2	50	2	48	0.5	-0.5	-0.8331	-0.783
HRH3	ENSG00000101180	2	1	2	8	1	7	0.5	-0.5	-0.6107	-0.8551
KCNH3	ENSG00000135519	2	1	2	14	4	10	0.5	-0.5	-0.3077	-0.5661
KCNG4	ENSG00000168418	2	1	2	14	4	10	0.5	-0.5	-0.3077	-0.5661
KCNC1	ENSG00000129159	2	1	2	14	4	10	0.5	-0.5	-0.3077	-0.5661
KCNC2	ENSG00000166006	2	1	2	14	4	10	0.5	-0.5	-0.3077	-0.5661
KCNA3	ENSG00000177272	2	1	2	14	4	10	0.5	-0.5	-0.3077	-0.5661
KCNS2	ENSG00000156486	2	1	2	14	4	10	0.5	-0.5	-0.3077	-0.5661
F2	ENSG00000180210	4	4	2	197	160	37	1.0	0.5	0.5047	0.6657
KCNS3	ENSG00000170745	2	1	2	14	4	10	0.5	-0.5	-0.3077	-0.5661
KCNH7	ENSG00000184611	2	1	2	14	4	10	0.5	-0.5	-0.3077	-0.5661
CYSLTR1	ENSG00000173198	2	1	2	30	9	21	0.5	-0.5	-0.6106	-0.7977
KCNC3	ENSG00000131398	2	1	2	14	4	10	0.5	-0.5	-0.3077	-0.5661
COL1A1	ENSG00000108821	2	2	1	26	18	8	1.0	0.5	0.3443	0.575
COL3A1	ENSG00000168542	2	2	1	26	18	8	1.0	0.5	0.3443	0.575
COL27A1	ENSG00000196739	2	2	1	26	18	8	1.0	0.5	0.3443	0.575
COL18A1	ENSG00000182871	2	2	1	26	18	8	1.0	0.5	0.3443	0.575
COL6A1	ENSG00000142156	2	2	1	26	18	8	1.0	0.5	0.3443	0.575
COL4A2	ENSG00000134871	2	2	1	26	18	8	1.0	0.5	0.3443	0.575
COL11A1	ENSG00000060718	2	2	1	26	18	8	1.0	0.5	0.3443	0.575
COL5A1	ENSG00000130635	2	2	1	26	18	8	1.0	0.5	0.3443	0.575
COL4A4	ENSG00000081052	2	2	1	26	18	8	1.0	0.5	0.3443	0.575
COL28A1	ENSG00000215018	2	2	1	26	18	8	1.0	0.5	0.3443	0.575
COL6A2	ENSG00000142173	2	2	1	26	18	8	1.0	0.5	0.3443	0.575
COL11A2	ENSG00000230930	2	2	1	26	18	8	1.0	0.5	0.3443	0.575
COL6A6	ENSG00000206384	2	2	1	26	18	8	1.0	0.5	0.3443	0.575
COL6A5	ENSG00000172752	2	2	1	26	18	8	1.0	0.5	0.3443	0.575
COL4A3	ENSG00000169031	2	2	1	26	18	8	1.0	0.5	0.3443	0.575
COL2A1	ENSG00000139219	2	2	1	26	18	8	1.0	0.5	0.3443	0.575
HDAC10	ENSG00000100429	2	2	1	10	9	1	1.0	0.5	0.5744	0.6415
COL24A1	ENSG00000171502	2	2	1	26	18	8	1.0	0.5	0.3443	0.575
COL4A1	ENSG00000187498	2	2	1	26	18	8	1.0	0.5	0.3443	0.575
COL4A6	ENSG00000197565	2	2	1	26	18	8	1.0	0.5	0.3443	0.575
COL5A3	ENSG00000080573	2	2	1	26	18	8	1.0	0.5	0.3443	0.575
COL1A2	ENSG00000164692	2	2	1	26	18	8	1.0	0.5	0.3443	0.575
KCNA6	ENSG00000151079	2	1	2	14	4	10	0.5	-0.5	-0.3077	-0.5661
PTGER2	ENSG00000125384	2	1	2	3	1	2	0.5	-0.5	-0.4713	-1.1015
PTGER1	ENSG00000160951	2	1	2	3	1	2	0.5	-0.5	-0.4713	-1.1015
KCNA7	ENSG00000104848	2	1	2	14	4	10	0.5	-0.5	-0.3077	-0.5661
KCNA2	ENSG00000177301	2	1	2	14	4	10	0.5	-0.5	-0.3077	-0.5661
KCNA4	ENSG00000182255	2	1	2	14	4	10	0.5	-0.5	-0.3077	-0.5661
KCNB2	ENSG00000182674	2	1	2	14	4	10	0.5	-0.5	-0.3077	-0.5661
KCNH5	ENSG00000140015	2	1	2	14	4	10	0.5	-0.5	-0.3077	-0.5661
KCNQ1	ENSG00000053918	2	1	2	14	4	10	0.5	-0.5	-0.3077	-0.5661
KCND3	ENSG00000171385	2	1	2	14	4	10	0.5	-0.5	-0.3077	-0.5661
KCNG1	ENSG00000026559	2	1	2	14	4	10	0.5	-0.5	-0.3077	-0.5661
KCNQ3	ENSG00000184156	2	1	2	14	4	10	0.5	-0.5	-0.3077	-0.5661
KCNQ5	ENSG00000185760	2	1	2	14	4	10	0.5	-0.5	-0.3077	-0.5661
KCNH8	ENSG00000183960	2	1	2	14	4	10	0.5	-0.5	-0.3077	-0.5661
KCNS1	ENSG00000124134	2	1	2	14	4	10	0.5	-0.5	-0.3077	-0.5661
KCNC4	ENSG00000116396	2	1	2	14	4	10	0.5	-0.5	-0.3077	-0.5661
HRH2	ENSG00000113749	4	4	2	427	365	62	1.0	0.5	1.0448	0.9742
HDAC8	ENSG00000147099	2	2	1	10	9	1	1.0	0.5	0.5744	0.6415
HDAC7	ENSG00000061273	2	2	1	10	9	1	1.0	0.5	0.5744	0.6415
HDAC9	ENSG00000048052	2	2	1	10	9	1	1.0	0.5	0.5744	0.6415
HDAC11	ENSG00000163517	2	2	1	10	9	1	1.0	0.5	0.5744	0.6415
HDAC5	ENSG00000108840	2	2	1	10	9	1	1.0	0.5	0.5744	0.6415
HTR1F	ENSG00000179097	2	1	2	55	31	24	0.5	-0.5	0.1195	0.5711
KCNG2	ENSG00000178342	2	1	2	14	4	10	0.5	-0.5	-0.3077	-0.5661
KCNV2	ENSG00000168263	2	1	2	14	4	10	0.5	-0.5	-0.3077	-0.5661
KCNG3	ENSG00000171126	2	1	2	14	4	10	0.5	-0.5	-0.3077	-0.5661
KCNF1	ENSG00000162975	2	1	2	14	4	10	0.5	-0.5	-0.3077	-0.5661
KCND2	ENSG00000184408	2	1	2	14	4	10	0.5	-0.5	-0.3077	-0.5661
KCNB1	ENSG00000158445	2	1	2	14	4	10	0.5	-0.5	-0.3077	-0.5661
KCNQ2	ENSG00000075043	2	1	2	14	4	10	0.5	-0.5	-0.3077	-0.5661
SMO	ENSG00000128602	2	2	1	21	14	7	1.0	0.5	0.1412	0.5864
MPL	ENSG00000117400	2	1	2	36	19	17	0.5	-0.5	-0.0351	0.56
OPRD1	ENSG00000116329	4	4	2	102	52	50	1.0	0.5	0.0912	0.5039
KCND1	ENSG00000292214	2	1	2	14	4	10	0.5	-0.5	-0.3077	-0.5661
KCNH6	ENSG00000173826	2	1	2	14	4	10	0.5	-0.5	-0.3077	-0.5661
KCNV1	ENSG00000164794	2	1	2	14	4	10	0.5	-0.5	-0.3077	-0.5661
KCNH1	ENSG00000143473	2	1	2	14	4	10	0.5	-0.5	-0.3077	-0.5661
KCNA5	ENSG00000130037	2	1	2	14	4	10	0.5	-0.5	-0.3077	-0.5661
KCNA10	ENSG00000143105	2	1	2	14	4	10	0.5	-0.5	-0.3077	-0.5661
KCNA1	ENSG00000111262	2	1	2	14	4	10	0.5	-0.5	-0.3077	-0.5661
GUCY2C	ENSG00000070019	2	1	2	31	9	22	0.5	-0.5	-0.3316	-0.5877
ITGAL	ENSG00000005844	2	2	1	21	3	18	1.0	0.5	-0.6438	-0.7862
KCNQ4	ENSG00000117013	2	1	2	14	4	10	0.5	-0.5	-0.3077	-0.5661
KCNH4	ENSG00000089558	2	1	2	14	4	10	0.5	-0.5	-0.3077	-0.5661
COL6A3	ENSG00000163359	2	2	1	26	18	8	1.0	0.5	0.3443	0.575
COL5A2	ENSG00000204262	2	2	1	26	18	8	1.0	0.5	0.3443	0.575
HDAC4	ENSG00000068024	2	2	1	10	9	1	1.0	0.5	0.5744	0.6415
IL13	ENSG00000169194	2	1	2	24	1	23	0.5	-0.5	-0.7498	-0.7075
MAOA	ENSG00000189221	2	1	2	6	3	3	0.5	-0.5	0.1196	0.0226
MMP1	ENSG00000196611	2	1	2	232	131	101	0.5	-0.5	0.4121	0.6466
MMP7	ENSG00000137673	2	1	2	232	131	101	0.5	-0.5	0.4121	0.6466
ACHE	ENSG00000087085	2	1	2	75	28	47	0.5	-0.5	-0.2282	-0.5502
ALOX5	ENSG00000275565	2	2	1	319	149	170	1.0	0.5	-0.1902	-0.6156
MMP13	ENSG00000137745	2	1	2	232	131	101	0.5	-0.5	0.4121	0.6466
S1PR5	ENSG00000180739	2	1	2	37	2	35	0.5	-0.5	-0.7	-0.7469
IL1B	ENSG00000125538	2	1	2	77	18	59	0.5	-0.5	-0.7291	-0.6794
IGF1R	ENSG00000140443	2	1	2	35	1	34	0.5	-0.5	-0.843	-0.7985
PPARA	ENSG00000186951	2	1	2	61	23	38	0.5	-0.5	-0.1937	-0.5544
CHRND	ENSG00000135902	2	2	1	7	6	1	1.0	0.5	0.8215	1.0373
FGFR4	ENSG00000160867	2	2	1	9	7	2	1.0	0.5	0.3535	0.541
CHRNA1	ENSG00000138435	2	2	1	7	6	1	1.0	0.5	0.8215	1.0373
CHRNG	ENSG00000196811	2	2	1	7	6	1	1.0	0.5	0.8215	1.0373
FCGRT	ENSG00000104870	2	1	2	4	2	2	0.5	-0.5	-0.0227	-0.0144
CHRNB1	ENSG00000283946	2	2	1	7	6	1	1.0	0.5	0.8215	1.0373
CHRNE	ENSG00000108556	2	2	1	7	6	1	1.0	0.5	0.8215	1.0373
ERBB4	ENSG00000178568	2	1	2	12	7	5	0.5	-0.5	0.222	0.7772
JAK3	ENSG00000105639	2	1	2	6	1	5	0.5	-0.5	-0.6613	-0.756
MMP8	ENSG00000118113	2	1	2	232	131	101	0.5	-0.5	0.4121	0.6466
PDCD1	ENSG00000276977	7	7	4	558	394	164	1.0	0.4286	0.3721	0.6481
IL23A	ENSG00000110944	5	5	3	493	260	233	1.0	0.4	0.3812	0.5175
OPRK1	ENSG00000082556	5	5	3	363	193	170	1.0	0.4	0.1905	0.537
TYMS	ENSG00000176890	5	5	3	645	406	239	1.0	0.4	0.2155	0.6069
TNFRSF17	ENSG00000048462	5	5	3	42	32	10	1.0	0.4	0.4034	0.6411
IL12B	ENSG00000113302	5	5	3	493	260	233	1.0	0.4	0.3812	0.5175
FGFR3	ENSG00000068078	3	3	2	11	8	3	1.0	0.3333	0.2514	0.5236
CACNA1A	ENSG00000141837	3	2	3	742	335	407	0.6667	-0.3333	-0.0947	-0.5395
BTK	ENSG00000010671	6	6	4	231	155	76	1.0	0.3333	0.2718	0.5553
IL2RA	ENSG00000134460	3	3	2	111	93	18	1.0	0.3333	0.7037	0.8091
CHRM3	ENSG00000133019	9	5	8	108	29	79	0.5556	-0.3333	-0.5701	-0.7918
IL2RG	ENSG00000147168	3	3	2	111	93	18	1.0	0.3333	0.7037	0.8091
KCNK2	ENSG00000082482	3	3	2	40	22	18	1.0	0.3333	0.1821	0.523
CYP19A1	ENSG00000137869	3	2	3	36	7	29	0.6667	-0.3333	-1.5294	-1.7207
CACNG1	ENSG00000108878	3	2	3	742	335	407	0.6667	-0.3333	-0.0947	-0.5395
AVPR1A	ENSG00000166148	3	2	3	40	26	14	0.6667	-0.3333	0.1369	0.677
AVPR1B	ENSG00000198049	3	2	3	40	26	14	0.6667	-0.3333	0.1369	0.677
CALCB	ENSG00000175868	3	2	3	86	4	82	0.6667	-0.3333	-0.8907	-0.7879
CACNA2D4	ENSG00000284953	3	2	3	742	335	407	0.6667	-0.3333	-0.0947	-0.5395
KLKB1	ENSG00000164344	3	2	3	23	12	11	0.6667	-0.3333	0.2169	0.5568
ADRA1B	ENSG00000170214	6	4	6	300	143	157	0.6667	-0.3333	-0.1734	-0.5327
CALCA	ENSG00000110680	3	2	3	86	4	82	0.6667	-0.3333	-0.8907	-0.7879
GLRB	ENSG00000109738	3	3	2	40	22	18	1.0	0.3333	0.1821	0.523
CACNA2D2	ENSG00000007402	3	2	3	742	335	407	0.6667	-0.3333	-0.0947	-0.5395
CACNG4	ENSG00000075461	3	2	3	742	335	407	0.6667	-0.3333	-0.0947	-0.5395
KCNK10	ENSG00000100433	3	3	2	40	22	18	1.0	0.3333	0.1821	0.523
KCNK3	ENSG00000171303	3	3	2	40	22	18	1.0	0.3333	0.1821	0.523
CACNB3	ENSG00000167535	3	2	3	742	335	407	0.6667	-0.3333	-0.0947	-0.5395
IMPDH2	ENSG00000178035	3	3	2	785	613	172	1.0	0.3333	0.6647	0.7474
IL6R	ENSG00000160712	3	2	3	614	311	303	0.6667	-0.3333	0.1637	0.5213
THRB	ENSG00000151090	3	2	3	41	9	32	0.6667	-0.3333	-0.8586	-1.0028
THRA	ENSG00000126351	3	2	3	41	9	32	0.6667	-0.3333	-0.8586	-1.0028
IL2RB	ENSG00000100385	3	3	2	111	93	18	1.0	0.3333	0.7037	0.8091
CACNG7	ENSG00000105605	3	2	3	742	335	407	0.6667	-0.3333	-0.0947	-0.5395
CACNG8	ENSG00000142408	3	2	3	742	335	407	0.6667	-0.3333	-0.0947	-0.5395
CACNG6	ENSG00000130433	3	2	3	742	335	407	0.6667	-0.3333	-0.0947	-0.5395
GLRA1	ENSG00000145888	3	3	2	40	22	18	1.0	0.3333	0.1821	0.523
KCNK9	ENSG00000169427	3	3	2	40	22	18	1.0	0.3333	0.1821	0.523
CACNB4	ENSG00000182389	3	2	3	742	335	407	0.6667	-0.3333	-0.0947	-0.5395
CACNA2D1	ENSG00000153956	3	2	3	742	335	407	0.6667	-0.3333	-0.0947	-0.5395
KCNK18	ENSG00000186795	3	3	2	40	22	18	1.0	0.3333	0.1821	0.523
PPAT	ENSG00000128059	3	2	3	434	267	167	0.6667	-0.3333	0.3422	0.6492
CACNA1E	ENSG00000198216	3	2	3	742	335	407	0.6667	-0.3333	-0.0947	-0.5395
CACNG5	ENSG00000075429	3	2	3	742	335	407	0.6667	-0.3333	-0.0947	-0.5395
JAK1	ENSG00000162434	3	2	3	46	10	36	0.6667	-0.3333	-0.5255	-0.6399
CACNB2	ENSG00000165995	3	2	3	742	335	407	0.6667	-0.3333	-0.0947	-0.5395
TPO	ENSG00000115705	3	2	3	10	2	8	0.6667	-0.3333	-0.6354	-0.7883
GHR	ENSG00000112964	3	2	3	258	141	117	0.6667	-0.3333	0.0387	0.535
CACNG3	ENSG00000006116	3	2	3	742	335	407	0.6667	-0.3333	-0.0947	-0.5395
CNR1	ENSG00000118432	3	2	3	43	21	22	0.6667	-0.3333	-0.0038	-0.501
CACNA2D3	ENSG00000157445	3	2	3	742	335	407	0.6667	-0.3333	-0.0947	-0.5395
HTR4	ENSG00000164270	3	2	3	59	32	27	0.6667	-0.3333	0.0723	0.5428
ADRA1D	ENSG00000171873	6	4	6	300	143	157	0.6667	-0.3333	-0.1734	-0.5327
ROS1	ENSG00000047936	3	2	3	43	25	18	0.6667	-0.3333	0.0787	0.5173
HDAC1	ENSG00000116478	3	3	2	15	12	3	1.0	0.3333	0.4581	0.6362
HDAC6	ENSG00000094631	3	3	2	15	12	3	1.0	0.3333	0.4581	0.6362
HDAC3	ENSG00000171720	3	3	2	15	12	3	1.0	0.3333	0.4581	0.6362
HDAC2	ENSG00000196591	3	3	2	15	12	3	1.0	0.3333	0.4581	0.6362
CACNG2	ENSG00000166862	3	2	3	742	335	407	0.6667	-0.3333	-0.0947	-0.5395
DPP4	ENSG00000197635	3	3	2	68	40	28	1.0	0.3333	0.1114	0.5806
CACNB1	ENSG00000067191	3	2	3	742	335	407	0.6667	-0.3333	-0.0947	-0.5395
TOP2A	ENSG00000131747	7	7	5	428	329	99	1.0	0.2857	0.4813	0.7223
FLT4	ENSG00000037280	7	7	5	288	188	100	1.0	0.2857	0.2752	0.5827
ERBB2	ENSG00000141736	7	5	7	210	50	160	0.7143	-0.2857	-1.1009	-1.0464
TUBA1B	ENSG00000123416	11	8	11	892	437	455	0.7273	-0.2727	-0.0593	-0.5147
TUBB3	ENSG00000258947	11	8	11	892	437	455	0.7273	-0.2727	-0.0593	-0.5147
TUBA4A	ENSG00000127824	11	8	11	892	437	455	0.7273	-0.2727	-0.0593	-0.5147
TUBB2B	ENSG00000137285	11	8	11	892	437	455	0.7273	-0.2727	-0.0593	-0.5147
TUBB4A	ENSG00000104833	11	8	11	892	437	455	0.7273	-0.2727	-0.0593	-0.5147
TUBB6	ENSG00000176014	11	8	11	892	437	455	0.7273	-0.2727	-0.0593	-0.5147
TUBB8	ENSG00000261456	11	8	11	892	437	455	0.7273	-0.2727	-0.0593	-0.5147
TUBB1	ENSG00000101162	11	8	11	892	437	455	0.7273	-0.2727	-0.0593	-0.5147
TUBA3E	ENSG00000152086	11	8	11	892	437	455	0.7273	-0.2727	-0.0593	-0.5147
ADRA2A	ENSG00000150594	11	7	10	507	263	244	0.6364	-0.2727	-0.0202	0.5222
ADRA2C	ENSG00000184160	11	7	10	507	263	244	0.6364	-0.2727	-0.0202	0.5222
ADRA2B	ENSG00000274286	11	7	10	507	263	244	0.6364	-0.2727	-0.0202	0.5222
TUBA1C	ENSG00000167553	11	8	11	892	437	455	0.7273	-0.2727	-0.0593	-0.5147
TUBB2A	ENSG00000137267	11	8	11	892	437	455	0.7273	-0.2727	-0.0593	-0.5147
TUBB4B	ENSG00000188229	11	8	11	892	437	455	0.7273	-0.2727	-0.0593	-0.5147
TUBB	ENSG00000232575	11	8	11	892	437	455	0.7273	-0.2727	-0.0593	-0.5147
TUBA3C	ENSG00000198033	11	8	11	892	437	455	0.7273	-0.2727	-0.0593	-0.5147
TUBA1A	ENSG00000167552	11	8	11	892	437	455	0.7273	-0.2727	-0.0593	-0.5147
CA2	ENSG00000104267	4	3	4	229	105	124	0.75	-0.25	0.0132	-0.5479
CACNA1H	ENSG00000196557	4	3	4	750	337	413	0.75	-0.25	-0.0986	-0.5407
CACNA1G	ENSG00000006283	4	3	4	750	337	413	0.75	-0.25	-0.0986	-0.5407
CSF3R	ENSG00000119535	4	4	3	203	94	109	1.0	0.25	-0.0744	-0.5348
GRIN2C	ENSG00000161509	4	3	4	47	18	29	0.75	-0.25	-0.1348	-0.5455
KCNH2	ENSG00000055118	4	3	4	66	32	34	0.75	-0.25	0.0053	-0.5238
EPOR	ENSG00000187266	4	4	3	165	78	87	1.0	0.25	-0.1818	-0.5182
FGFR2	ENSG00000066468	4	4	3	81	60	21	1.0	0.25	0.3851	0.6367
GRIN3B	ENSG00000116032	4	3	4	47	18	29	0.75	-0.25	-0.1348	-0.5455
GRIN2B	ENSG00000273079	4	3	4	47	18	29	0.75	-0.25	-0.1348	-0.5455
GRIN2D	ENSG00000105464	4	3	4	47	18	29	0.75	-0.25	-0.1348	-0.5455
HRH1	ENSG00000196639	16	11	15	234	88	146	0.6875	-0.25	-0.2722	-0.6512
FGFR1	ENSG00000077782	4	4	3	81	60	21	1.0	0.25	0.3851	0.6367
MET	ENSG00000105976	4	4	3	62	28	34	1.0	0.25	-0.1189	-0.5258
SLC5A2	ENSG00000140675	4	3	4	320	191	129	0.75	-0.25	0.1199	0.5547
TOP1	ENSG00000198900	4	3	4	35	10	25	0.75	-0.25	-0.48	-0.8069
ADORA3	ENSG00000282608	4	3	4	130	58	72	0.75	-0.25	-0.0783	-0.6168
AVPR2	ENSG00000126895	4	3	4	78	57	21	0.75	-0.25	0.3123	0.6523
MTNR1B	ENSG00000134640	4	3	4	93	25	68	0.75	-0.25	-0.7682	-0.8127
MTNR1A	ENSG00000168412	4	3	4	93	25	68	0.75	-0.25	-0.7682	-0.8127
CACNA1I	ENSG00000100346	4	3	4	750	337	413	0.75	-0.25	-0.0986	-0.5407
HTR1B	ENSG00000135312	4	3	4	117	44	73	0.75	-0.25	-0.2658	-0.6098
HTR1D	ENSG00000179546	4	3	4	117	44	73	0.75	-0.25	-0.2658	-0.6098
IMPDH1	ENSG00000106348	4	4	3	966	731	235	1.0	0.25	0.5793	0.7075
GRIN1	ENSG00000176884	4	3	4	47	18	29	0.75	-0.25	-0.1348	-0.5455
GRIN3A	ENSG00000198785	4	3	4	47	18	29	0.75	-0.25	-0.1348	-0.5455
IFNAR1	ENSG00000142166	9	6	8	499	131	368	0.6667	-0.2222	-0.378	-0.6134
FLT3	ENSG00000122025	9	8	6	198	132	66	0.8889	0.2222	0.2678	0.5786
KDR	ENSG00000128052	9	9	7	346	229	117	1.0	0.2222	0.2784	0.5795
PTGS2	ENSG00000073756	28	20	26	2269	1253	1016	0.7143	-0.2143	0.2239	0.5692
RARB	ENSG00000077092	5	4	5	301	51	250	0.8	-0.2	-0.6054	-0.7692
CACNA1B	ENSG00000148408	5	4	5	1008	455	553	0.8	-0.2	-0.0879	-0.5322
NTRK2	ENSG00000148053	5	3	4	30	4	26	0.6	-0.2	-0.4877	-0.5908
NTRK3	ENSG00000140538	5	3	4	30	4	26	0.6	-0.2	-0.4877	-0.5908
SLC18A2	ENSG00000165646	5	4	5	70	16	54	0.8	-0.2	-0.4044	-0.5931
ABCC8	ENSG00000006071	5	4	5	170	124	46	0.8	-0.2	0.5132	0.7091
RARA	ENSG00000131759	5	4	5	301	51	250	0.8	-0.2	-0.6054	-0.7692
RARG	ENSG00000172819	5	4	5	301	51	250	0.8	-0.2	-0.6054	-0.7692
VDR	ENSG00000111424	5	4	5	94	39	55	0.8	-0.2	-0.5162	-0.7091
JAK2	ENSG00000096968	5	4	3	43	14	29	0.8	0.2	-0.3653	-0.6585
FKBP1A	ENSG00000088832	5	4	5	929	641	288	0.8	-0.2	0.3464	0.6275
ADORA1	ENSG00000163485	5	4	5	146	73	73	0.8	-0.2	0.0182	-0.01
PDE3B	ENSG00000152270	5	5	4	112	39	73	1.0	0.2	-0.3727	-0.6666
PTGFR	ENSG00000122420	5	4	5	108	37	71	0.8	-0.2	-0.2169	-0.5888
NR3C2	ENSG00000151623	5	4	5	286	120	166	0.8	-0.2	-0.2239	-0.573
PTGS1	ENSG00000095303	21	15	19	1867	1019	848	0.7143	-0.1905	0.2036	0.5636
FLT1	ENSG00000102755	6	6	5	287	187	100	1.0	0.1667	0.2736	0.5823
NTRK1	ENSG00000198400	6	4	5	100	56	44	0.6667	-0.1667	0.1379	0.5461
ACE	ENSG00000159640	6	5	6	652	488	164	0.8333	-0.1667	0.6492	0.7552
HTR3A	ENSG00000166736	6	5	6	358	145	213	0.8333	-0.1667	-0.2408	-0.5878
PDE3A	ENSG00000172572	6	6	5	122	48	74	1.0	0.1667	-0.2974	-0.6542
CD19	ENSG00000177455	6	6	5	176	146	30	1.0	0.1667	0.5543	0.6753
ADORA2B	ENSG00000170425	6	5	6	155	77	78	0.8333	-0.1667	0.0203	-0.5253
ADRB3	ENSG00000188778	6	5	6	388	213	175	0.8333	-0.1667	0.0839	0.5298
DRD4	ENSG00000276825	12	11	9	690	396	294	0.9167	0.1667	0.1636	0.5666
ADRA1A	ENSG00000120907	7	5	6	301	144	157	0.7143	-0.1429	-0.1665	-0.529
PDE4A	ENSG00000065989	7	6	7	355	195	160	0.8571	-0.1429	0.3622	0.5903
ATP4B	ENSG00000186009	7	7	6	720	397	323	1.0	0.1429	0.052	0.5381
ATP4A	ENSG00000105675	7	7	6	720	397	323	1.0	0.1429	0.052	0.5381
PDE4C	ENSG00000105650	7	6	7	355	195	160	0.8571	-0.1429	0.3622	0.5903
PDE4B	ENSG00000184588	7	6	7	355	195	160	0.8571	-0.1429	0.3622	0.5903
PDE4D	ENSG00000113448	7	6	7	355	195	160	0.8571	-0.1429	0.3622	0.5903
NR3C1	ENSG00000113580	30	23	27	3786	2514	1272	0.7667	-0.1333	0.4015	0.6631
GABRG3	ENSG00000182256	31	26	22	1824	1128	696	0.8387	0.129	0.266	0.6056
GABRG1	ENSG00000163285	31	26	22	1824	1128	696	0.8387	0.129	0.266	0.6056
GABRQ	ENSG00000268089	31	26	22	1824	1128	696	0.8387	0.129	0.266	0.6056
GABRD	ENSG00000187730	31	26	22	1824	1128	696	0.8387	0.129	0.266	0.6056
GABRP	ENSG00000094755	31	26	22	1824	1128	696	0.8387	0.129	0.266	0.6056
GABRE	ENSG00000102287	31	26	22	1824	1128	696	0.8387	0.129	0.266	0.6056
GABRB2	ENSG00000145864	32	27	23	1985	1225	760	0.8438	0.125	0.2743	0.6093
CD3G	ENSG00000160654	8	8	7	109	76	33	1.0	0.125	0.3918	0.6193
GABRA3	ENSG00000011677	32	27	23	1985	1225	760	0.8438	0.125	0.2743	0.6093
CD3D	ENSG00000167286	8	8	7	109	76	33	1.0	0.125	0.3918	0.6193
GABRA5	ENSG00000186297	32	27	23	1985	1225	760	0.8438	0.125	0.2743	0.6093
DRD3	ENSG00000151577	16	15	13	803	475	328	0.9375	0.125	0.19	0.5836
GABRB3	ENSG00000166206	32	27	23	1985	1225	760	0.8438	0.125	0.2743	0.6093
GABRA6	ENSG00000145863	32	27	23	1985	1225	760	0.8438	0.125	0.2743	0.6093
GABRA4	ENSG00000109158	32	27	23	1985	1225	760	0.8438	0.125	0.2743	0.6093
PDGFRB	ENSG00000113721	8	7	6	251	171	80	0.875	0.125	0.3033	0.5843
RET	ENSG00000165731	8	7	6	220	152	68	0.875	0.125	0.3282	0.5882
MS4A1	ENSG00000156738	8	7	8	1071	634	437	0.875	-0.125	0.3667	0.6184
SLC6A2	ENSG00000103546	16	13	15	274	156	118	0.8125	-0.125	0.1071	0.542
IFNAR2	ENSG00000159110	8	6	7	498	131	367	0.75	-0.125	-0.377	-0.6131
GABRG2	ENSG00000113327	33	28	24	1840	1136	704	0.8485	0.1212	0.2631	0.6045
GABRA2	ENSG00000151834	33	28	24	2053	1261	792	0.8485	0.1212	0.2667	0.6044
GABRA1	ENSG00000022355	34	29	25	2001	1233	768	0.8529	0.1176	0.2715	0.6061
GABRB1	ENSG00000163288	34	29	25	2001	1233	768	0.8529	0.1176	0.2715	0.6061
OPRM1	ENSG00000112038	18	14	16	1413	938	475	0.7778	-0.1111	0.5039	0.6575
SCN4A	ENSG00000007314	19	17	15	1282	555	727	0.8947	0.1053	-0.0997	-0.561
AGTR1	ENSG00000144891	10	9	10	705	350	355	0.9	-0.1	0.0277	-0.5027
KIT	ENSG00000157404	10	9	8	326	185	141	0.9	0.1	0.1302	0.5466
ADRB1	ENSG00000043591	12	11	12	541	278	263	0.9167	-0.0833	-0.0245	0.5067
SLC6A4	ENSG00000108576	13	12	13	194	52	142	0.9231	-0.0769	-0.4241	-0.6498
HTR2C	ENSG00000147246	13	11	12	1230	895	335	0.8462	-0.0769	0.491	0.7315
SCN1A	ENSG00000144285	16	14	13	1174	511	663	0.875	0.0625	-0.0879	-0.559
SCN7A	ENSG00000136546	16	14	13	1174	511	663	0.875	0.0625	-0.0879	-0.559
SCN9A	ENSG00000169432	16	14	13	1174	511	663	0.875	0.0625	-0.0879	-0.559
SCN3A	ENSG00000153253	16	14	13	1174	511	663	0.875	0.0625	-0.0879	-0.559
SCN11A	ENSG00000168356	16	14	13	1174	511	663	0.875	0.0625	-0.0879	-0.559
SCN2A	ENSG00000136531	16	14	13	1174	511	663	0.875	0.0625	-0.0879	-0.559
SCN8A	ENSG00000196876	16	14	13	1174	511	663	0.875	0.0625	-0.0879	-0.559
SCN10A	ENSG00000185313	16	14	13	1174	511	663	0.875	0.0625	-0.0879	-0.559
HTR2A	ENSG00000102468	24	22	21	2303	1538	765	0.9167	0.0417	0.3612	0.6566
DRD2	ENSG00000149295	31	29	28	2352	1557	795	0.9355	0.0323	0.3611	0.6586
NDUFB6	ENSG00000165264	1	1	1	59	30	29	1.0	0.0	0.0281	0.5142
NDUFB11	ENSG00000147123	1	1	1	59	30	29	1.0	0.0	0.0281	0.5142
NDUFS5	ENSG00000168653	1	1	1	59	30	29	1.0	0.0	0.0281	0.5142
NDUFA3	ENSG00000277722	1	1	1	59	30	29	1.0	0.0	0.0281	0.5142
NDUFB9	ENSG00000147684	1	1	1	59	30	29	1.0	0.0	0.0281	0.5142
NDUFA11	ENSG00000292058	1	1	1	59	30	29	1.0	0.0	0.0281	0.5142
NDUFS4	ENSG00000164258	1	1	1	59	30	29	1.0	0.0	0.0281	0.5142
NDUFAF1	ENSG00000137806	1	1	1	59	30	29	1.0	0.0	0.0281	0.5142
NDUFB8	ENSG00000166136	1	1	1	59	30	29	1.0	0.0	0.0281	0.5142
TXK	ENSG00000074966	1	1	1	5	1	4	1.0	0.0	-0.6888	-0.9123
NDUFAF4	ENSG00000123545	1	1	1	59	30	29	1.0	0.0	0.0281	0.5142
COXFA4L2	ENSG00000185633	1	1	1	59	30	29	1.0	0.0	0.0281	0.5142
MT-ND4	ENSG00000198886	1	1	1	59	30	29	1.0	0.0	0.0281	0.5142
NDUFAB1	ENSG00000004779	1	1	1	59	30	29	1.0	0.0	0.0281	0.5142
NDUFS3	ENSG00000213619	1	1	1	59	30	29	1.0	0.0	0.0281	0.5142
TEC	ENSG00000135605	1	1	1	5	1	4	1.0	0.0	-0.6888	-0.9123
BMX	ENSG00000102010	1	1	1	5	1	4	1.0	0.0	-0.6888	-0.9123
NDUFS6	ENSG00000145494	1	1	1	59	30	29	1.0	0.0	0.0281	0.5142
NDUFA12	ENSG00000184752	1	1	1	59	30	29	1.0	0.0	0.0281	0.5142
MT-ND6	ENSG00000198695	1	1	1	59	30	29	1.0	0.0	0.0281	0.5142
COXFA4	ENSG00000189043	1	1	1	59	30	29	1.0	0.0	0.0281	0.5142
NDUFS2	ENSG00000158864	1	1	1	59	30	29	1.0	0.0	0.0281	0.5142
MT-ND5	ENSG00000198786	1	1	1	59	30	29	1.0	0.0	0.0281	0.5142
NDUFB2	ENSG00000090266	1	1	1	59	30	29	1.0	0.0	0.0281	0.5142
NDUFA2	ENSG00000131495	1	1	1	59	30	29	1.0	0.0	0.0281	0.5142
NDUFC1	ENSG00000109390	1	1	1	59	30	29	1.0	0.0	0.0281	0.5142
NDUFA7	ENSG00000267855	1	1	1	59	30	29	1.0	0.0	0.0281	0.5142
NDUFV3	ENSG00000160194	1	1	1	59	30	29	1.0	0.0	0.0281	0.5142
NDUFV1	ENSG00000167792	1	1	1	59	30	29	1.0	0.0	0.0281	0.5142
GPD2	ENSG00000115159	1	1	1	59	30	29	1.0	0.0	0.0281	0.5142
NDUFA1	ENSG00000125356	1	1	1	59	30	29	1.0	0.0	0.0281	0.5142
NDUFA13	ENSG00000186010	1	1	1	59	30	29	1.0	0.0	0.0281	0.5142
NDUFA5	ENSG00000128609	1	1	1	59	30	29	1.0	0.0	0.0281	0.5142
NDUFS1	ENSG00000283447	1	1	1	59	30	29	1.0	0.0	0.0281	0.5142
MT-ND1	ENSG00000198888	1	1	1	59	30	29	1.0	0.0	0.0281	0.5142
KCNJ11	ENSG00000187486	7	6	6	296	180	116	0.8571	0.0	0.2632	0.5969
MT-ND3	ENSG00000198840	1	1	1	59	30	29	1.0	0.0	0.0281	0.5142
NDUFB7	ENSG00000099795	1	1	1	59	30	29	1.0	0.0	0.0281	0.5142
NDUFB10	ENSG00000291930	1	1	1	59	30	29	1.0	0.0	0.0281	0.5142
ABCC9	ENSG00000069431	1	1	1	125	55	70	1.0	0.0	-0.0794	-0.566
MT-ND2	ENSG00000198763	1	1	1	59	30	29	1.0	0.0	0.0281	0.5142
NDUFAF3	ENSG00000178057	1	1	1	59	30	29	1.0	0.0	0.0281	0.5142
NDUFB3	ENSG00000119013	1	1	1	59	30	29	1.0	0.0	0.0281	0.5142
MT-ND4L	ENSG00000212907	1	1	1	59	30	29	1.0	0.0	0.0281	0.5142
NDUFS8	ENSG00000110717	1	1	1	59	30	29	1.0	0.0	0.0281	0.5142
NDUFC2	ENSG00000151366	1	1	1	59	30	29	1.0	0.0	0.0281	0.5142
NDUFB4	ENSG00000065518	1	1	1	59	30	29	1.0	0.0	0.0281	0.5142
NDUFB5	ENSG00000136521	1	1	1	59	30	29	1.0	0.0	0.0281	0.5142
NDUFA10	ENSG00000130414	1	1	1	59	30	29	1.0	0.0	0.0281	0.5142
NDUFS7	ENSG00000115286	1	1	1	59	30	29	1.0	0.0	0.0281	0.5142
CASR	ENSG00000036828	1	1	1	7	5	2	1.0	0.0	0.2606	0.6571
NDUFAF2	ENSG00000164182	1	1	1	59	30	29	1.0	0.0	0.0281	0.5142
ALDH2	ENSG00000111275	1	1	1	8	7	1	1.0	0.0	0.7254	0.8813
UGCG	ENSG00000148154	1	1	1	4	2	2	1.0	0.0	-0.0989	-0.1105
ROCK2	ENSG00000134318	1	1	1	10	5	5	1.0	0.0	0.0952	0.0661
ANGPT2	ENSG00000091879	1	1	1	10	5	5	1.0	0.0	0.0513	0.0185
CLCN2	ENSG00000114859	1	1	1	4	1	3	1.0	0.0	-0.4236	-0.6948
CFTR	ENSG00000001626	1	1	1	18	6	12	1.0	0.0	-0.2996	-0.5866
TLR9	ENSG00000239732	1	1	1	99	28	71	1.0	0.0	-0.7387	-0.9288
IL17RA	ENSG00000177663	1	1	1	12	6	6	1.0	0.0	0.0548	-0.0072
IL12A	ENSG00000168811	1	1	1	314	204	110	1.0	0.0	0.7571	0.7793
NECTIN4	ENSG00000143217	1	1	1	23	17	6	1.0	0.0	0.3238	0.6302
KIF5B	ENSG00000170759	2	2	2	11	8	3	1.0	0.0	0.3097	0.5699
CCDC6	ENSG00000108091	2	2	2	11	8	3	1.0	0.0	0.3097	0.5699
INHBA	ENSG00000122641	1	1	1	6	3	3	1.0	0.0	-0.1005	-0.0337
CFB	ENSG00000241534	1	1	1	3	2	1	1.0	0.0	0.2985	0.659
SYK	ENSG00000165025	1	1	1	14	2	12	1.0	0.0	-0.4728	-0.589
MYL2	ENSG00000111245	1	1	1	9	1	8	1.0	0.0	-0.4539	-0.5797
MYL7	ENSG00000106631	1	1	1	9	1	8	1.0	0.0	-0.4539	-0.5797
CPS1	ENSG00000021826	1	1	1	5	2	3	1.0	0.0	-0.0862	-0.6107
TLR7	ENSG00000196664	2	2	2	106	29	77	1.0	0.0	-0.7205	-0.9011
NDUFA9	ENSG00000139180	1	1	1	59	30	29	1.0	0.0	0.0281	0.5142
APH1B	ENSG00000138613	1	1	1	3	1	2	1.0	0.0	-0.4159	-0.7436
CD22	ENSG00000012124	1	1	1	20	15	5	1.0	0.0	0.319	0.621
CACNA1D	ENSG00000157388	11	9	9	905	370	535	0.8182	0.0	-0.2072	-0.5947
CACNA1F	ENSG00000102001	11	9	9	905	370	535	0.8182	0.0	-0.2072	-0.5947
CACNA1C	ENSG00000285479	11	9	9	905	370	535	0.8182	0.0	-0.2072	-0.5947
CXCR4	ENSG00000121966	1	1	1	2	1	1	1.0	0.0	-0.1668	-0.1668
PMEL	ENSG00000185664	1	1	1	5	2	3	1.0	0.0	-0.134	-0.524
CACNA1S	ENSG00000081248	11	9	9	905	370	535	0.8182	0.0	-0.2072	-0.5947
PSENEN	ENSG00000205155	1	1	1	3	1	2	1.0	0.0	-0.4159	-0.7436
APP	ENSG00000142192	3	3	3	25	5	20	1.0	0.0	-0.4633	-0.7011
APH1A	ENSG00000117362	1	1	1	3	1	2	1.0	0.0	-0.4159	-0.7436
PSEN1	ENSG00000080815	1	1	1	3	1	2	1.0	0.0	-0.4159	-0.7436
PSEN2	ENSG00000143801	1	1	1	3	1	2	1.0	0.0	-0.4159	-0.7436
NCSTN	ENSG00000162736	1	1	1	3	1	2	1.0	0.0	-0.4159	-0.7436
C5AR1	ENSG00000197405	1	1	1	10	5	5	1.0	0.0	-0.0095	-0.007
GABBR1	ENSG00000237051	1	1	1	168	83	85	1.0	0.0	-0.1264	-0.5025
GABBR2	ENSG00000136928	1	1	1	168	83	85	1.0	0.0	-0.1264	-0.5025
MYL3	ENSG00000160808	1	1	1	9	1	8	1.0	0.0	-0.4539	-0.5797
MYH7	ENSG00000092054	1	1	1	9	1	8	1.0	0.0	-0.4539	-0.5797
MYH7B	ENSG00000078814	1	1	1	9	1	8	1.0	0.0	-0.4539	-0.5797
TNF	ENSG00000232810	4	4	4	2382	1071	1311	1.0	0.0	0.0707	-0.5341
VWF	ENSG00000110799	1	1	1	3	2	1	1.0	0.0	0.2417	0.5668
CD80	ENSG00000121594	2	2	2	364	174	190	1.0	0.0	-0.0693	-0.5381
ALK	ENSG00000171094	5	5	5	90	51	39	1.0	0.0	0.0842	0.5164
CD86	ENSG00000114013	2	2	2	364	174	190	1.0	0.0	-0.0693	-0.5381
ACLY	ENSG00000131473	1	1	1	3	1	2	1.0	0.0	-0.2041	-0.5068
DHFR	ENSG00000228716	4	4	4	1215	556	659	1.0	0.0	0.0054	-0.5411
IL17F	ENSG00000112116	1	1	1	22	7	15	1.0	0.0	-0.2904	-0.54
TNFSF11	ENSG00000120659	1	1	1	234	54	180	1.0	0.0	-0.6177	-0.7576
MYL4	ENSG00000198336	1	1	1	9	1	8	1.0	0.0	-0.4539	-0.5797
SLAMF7	ENSG00000026751	1	1	1	13	11	2	1.0	0.0	0.4975	0.6465
XPO1	ENSG00000082898	1	1	1	12	8	4	1.0	0.0	0.3096	0.5826
ABAT	ENSG00000183044	1	1	1	34	18	16	1.0	0.0	0.0241	0.5419
NDUFV2	ENSG00000178127	1	1	1	59	30	29	1.0	0.0	0.0281	0.5142
NDUFA8	ENSG00000119421	1	1	1	59	30	29	1.0	0.0	0.0281	0.5142
NDUFA6	ENSG00000273397	1	1	1	59	30	29	1.0	0.0	0.0281	0.5142
NDUFB1	ENSG00000183648	1	1	1	59	30	29	1.0	0.0	0.0281	0.5142
NPM1	ENSG00000181163	2	2	2	50	31	19	1.0	0.0	0.1314	0.5194
EML4	ENSG00000143924	3	3	3	72	39	33	1.0	0.0	0.0484	0.5072
IL17A	ENSG00000112115	3	3	3	560	259	301	1.0	0.0	0.1354	-0.5241
DHODH	ENSG00000102967	2	2	2	447	161	286	1.0	0.0	-0.2979	-0.6697
IL5RA	ENSG00000091181	1	1	1	33	11	22	1.0	0.0	-0.2398	-0.5759
HBB	ENSG00000244734	1	1	1	28	7	21	1.0	0.0	-0.4131	-0.6429
HBA2	ENSG00000206172	1	1	1	28	7	21	1.0	0.0	-0.4131	-0.6429
SMN2	ENSG00000275349	1	1	1	15	6	9	1.0	0.0	-0.0346	-0.5275
MYH6	ENSG00000197616	1	1	1	9	1	8	1.0	0.0	-0.4539	-0.5797
TPH1	ENSG00000129167	1	1	1	18	2	16	1.0	0.0	-0.4779	-0.5718
TPH2	ENSG00000139287	1	1	1	18	2	16	1.0	0.0	-0.4779	-0.5718
SELP	ENSG00000174175	1	1	1	5	3	2	1.0	0.0	0.0886	0.5043
PTAFR	ENSG00000169403	1	1	1	20	4	16	1.0	0.0	-1.1625	-1.4786
TGFB2	ENSG00000092969	1	1	1	3	2	1	1.0	0.0	0.2335	0.7354
MST1R	ENSG00000164078	1	1	1	38	23	15	1.0	0.0	0.1087	0.5194
TGFB3	ENSG00000119699	1	1	1	3	2	1	1.0	0.0	0.2335	0.7354
TGFB1	ENSG00000105329	1	1	1	3	2	1	1.0	0.0	0.2335	0.7354
AMY2A	ENSG00000243480	1	1	1	13	7	6	1.0	0.0	0.0999	0.531
ELANE	ENSG00000277571	1	1	1	4	2	2	1.0	0.0	0.0588	0.0324
ITK	ENSG00000113263	1	1	1	5	1	4	1.0	0.0	-0.6888	-0.9123
CYP3A7	ENSG00000160870	1	1	1	102	43	59	1.0	0.0	-0.1157	-0.5398
PTK6	ENSG00000101213	1	1	1	11	7	4	1.0	0.0	0.2951	0.8373
CHRM1	ENSG00000168539	5	4	4	57	23	34	0.8	0.0	-0.1989	-0.5705
PIK3CA	ENSG00000121879	1	1	1	11	6	5	1.0	0.0	-0.1321	0.6342
CTLA4	ENSG00000163599	2	2	2	182	140	42	1.0	0.0	0.4625	0.6374
COMT	ENSG00000093010	2	2	2	25	18	7	1.0	0.0	0.5016	0.7414
RRM1	ENSG00000167325	4	4	4	86	70	16	1.0	0.0	0.5339	0.6891
RRM2	ENSG00000171848	4	4	4	86	70	16	1.0	0.0	0.5339	0.6891
RRM2B	ENSG00000048392	4	4	4	86	70	16	1.0	0.0	0.5339	0.6891
SV2A	ENSG00000159164	2	2	2	285	127	158	1.0	0.0	-0.0827	-0.5213
TXNRD1	ENSG00000198431	1	1	1	4	2	2	1.0	0.0	-0.3163	0.0795
PTH1R	ENSG00000160801	3	3	3	123	18	105	1.0	0.0	-0.5759	-0.6907
GLP2R	ENSG00000065325	1	1	1	78	43	35	1.0	0.0	0.0117	0.5124
POLA2	ENSG00000014138	4	4	4	352	282	70	1.0	0.0	0.5535	0.7057
POLA1	ENSG00000101868	4	4	4	352	282	70	1.0	0.0	0.5535	0.7057
POLD2	ENSG00000106628	4	4	4	352	282	70	1.0	0.0	0.5535	0.7057
PRIM2	ENSG00000146143	4	4	4	352	282	70	1.0	0.0	0.5535	0.7057
PRIM1	ENSG00000198056	4	4	4	352	282	70	1.0	0.0	0.5535	0.7057
POLE2	ENSG00000100479	4	4	4	352	282	70	1.0	0.0	0.5535	0.7057
POLD4	ENSG00000175482	4	4	4	352	282	70	1.0	0.0	0.5535	0.7057
POLD1	ENSG00000062822	4	4	4	352	282	70	1.0	0.0	0.5535	0.7057
POLE3	ENSG00000148229	4	4	4	352	282	70	1.0	0.0	0.5535	0.7057
POLE	ENSG00000177084	4	4	4	352	282	70	1.0	0.0	0.5535	0.7057
POLD3	ENSG00000077514	4	4	4	352	282	70	1.0	0.0	0.5535	0.7057
HTR1A	ENSG00000178394	3	3	3	437	207	230	1.0	0.0	-0.0281	-0.5173
CD3E	ENSG00000198851	9	8	8	110	76	34	0.8889	0.0	0.3772	0.6174
FAAH	ENSG00000117480	1	1	1	89	58	31	1.0	0.0	0.514	0.6542
TRPV1	ENSG00000196689	2	2	2	102	62	40	1.0	0.0	0.4075	0.6123
ALDH5A1	ENSG00000112294	3	3	3	365	186	179	1.0	0.0	0.0151	0.5029
PDGFRA	ENSG00000134853	9	8	8	301	163	138	0.8889	0.0	0.0877	0.5349
NPC1L1	ENSG00000015520	1	1	1	94	38	56	1.0	0.0	-0.1707	-0.5559
GUCY1A1	ENSG00000164116	6	6	6	145	81	64	1.0	0.0	0.1218	0.5263
EPHA6	ENSG00000080224	1	1	1	11	7	4	1.0	0.0	0.2951	0.8373
GUCY1B1	ENSG00000061918	6	6	6	145	81	64	1.0	0.0	0.1218	0.5263
PSMD1	ENSG00000173692	2	2	2	183	125	58	1.0	0.0	0.2942	0.5973
PSMB1	ENSG00000008018	2	2	2	183	125	58	1.0	0.0	0.2942	0.5973
PSMA6	ENSG00000100902	2	2	2	183	125	58	1.0	0.0	0.2942	0.5973
PSMD11	ENSG00000108671	2	2	2	183	125	58	1.0	0.0	0.2942	0.5973
PSMA5	ENSG00000143106	2	2	2	183	125	58	1.0	0.0	0.2942	0.5973
PSMD6	ENSG00000163636	2	2	2	183	125	58	1.0	0.0	0.2942	0.5973
PSMB5	ENSG00000100804	2	2	2	183	125	58	1.0	0.0	0.2942	0.5973
PSMD12	ENSG00000197170	2	2	2	183	125	58	1.0	0.0	0.2942	0.5973
PSMA3	ENSG00000100567	2	2	2	183	125	58	1.0	0.0	0.2942	0.5973
PSMD4	ENSG00000159352	2	2	2	183	125	58	1.0	0.0	0.2942	0.5973
PSMA4	ENSG00000041357	2	2	2	183	125	58	1.0	0.0	0.2942	0.5973
PSMB7	ENSG00000136930	2	2	2	183	125	58	1.0	0.0	0.2942	0.5973
PSMC1	ENSG00000100764	2	2	2	183	125	58	1.0	0.0	0.2942	0.5973
PSMB11	ENSG00000222028	2	2	2	183	125	58	1.0	0.0	0.2942	0.5973
PSMA1	ENSG00000129084	2	2	2	183	125	58	1.0	0.0	0.2942	0.5973
IGHE	ENSG00000276192	1	1	1	306	85	221	1.0	0.0	-0.3875	-0.6359
HTR1E	ENSG00000168830	1	1	1	52	31	21	1.0	0.0	0.1701	0.6046
HTR3E	ENSG00000186038	1	1	1	52	31	21	1.0	0.0	0.1701	0.6046
HTR5A	ENSG00000157219	1	1	1	52	31	21	1.0	0.0	0.1701	0.6046
HTR6	ENSG00000158748	1	1	1	52	31	21	1.0	0.0	0.1701	0.6046
HTR3C	ENSG00000178084	1	1	1	52	31	21	1.0	0.0	0.1701	0.6046
HTR7	ENSG00000148680	1	1	1	52	31	21	1.0	0.0	0.1701	0.6046
HTR2B	ENSG00000135914	1	1	1	52	31	21	1.0	0.0	0.1701	0.6046
HTR3B	ENSG00000149305	1	1	1	52	31	21	1.0	0.0	0.1701	0.6046
HTR3D	ENSG00000186090	1	1	1	52	31	21	1.0	0.0	0.1701	0.6046
GUCY1B2		6	6	6	145	81	64	1.0	0.0	0.1218	0.5263
GUCY1A2	ENSG00000152402	6	6	6	145	81	64	1.0	0.0	0.1218	0.5263
CA1	ENSG00000133742	2	2	2	29	11	18	1.0	0.0	-0.4851	-0.6881
VEGFA	ENSG00000112715	5	5	5	445	226	219	1.0	0.0	0.0228	0.5097
SLC12A3	ENSG00000070915	5	5	5	254	117	137	1.0	0.0	-0.1247	-0.555
GLP1R	ENSG00000112164	6	6	6	531	130	401	1.0	0.0	-0.4281	-0.6127
CDK6	ENSG00000105810	3	3	3	60	23	37	1.0	0.0	-0.5383	-0.6745
PARP2	ENSG00000291803	4	4	4	76	40	36	1.0	0.0	0.0665	0.5126
PARP1	ENSG00000143799	4	4	4	76	40	36	1.0	0.0	0.0665	0.5126
PARP3	ENSG00000041880	2	2	2	57	27	30	1.0	0.0	0.0161	-0.5161
TACR1	ENSG00000115353	1	1	1	83	53	30	1.0	0.0	0.5466	0.8016
F10	ENSG00000126218	3	3	3	523	332	191	1.0	0.0	0.1801	0.5607
PDE5A	ENSG00000138735	4	4	4	317	237	80	1.0	0.0	0.498	0.8469
PDE7B	ENSG00000171408	2	2	2	17	8	9	1.0	0.0	0.1634	-0.5757
PDE9A	ENSG00000160191	2	2	2	17	8	9	1.0	0.0	0.1634	-0.5757
PDE1B	ENSG00000123360	2	2	2	17	8	9	1.0	0.0	0.1634	-0.5757
PDE7A	ENSG00000205268	2	2	2	17	8	9	1.0	0.0	0.1634	-0.5757
PDE6B	ENSG00000133256	2	2	2	17	8	9	1.0	0.0	0.1634	-0.5757
PDE6A	ENSG00000132915	2	2	2	17	8	9	1.0	0.0	0.1634	-0.5757
PDE8B	ENSG00000113231	2	2	2	17	8	9	1.0	0.0	0.1634	-0.5757
PDE2A	ENSG00000186642	2	2	2	17	8	9	1.0	0.0	0.1634	-0.5757
PDE6C	ENSG00000095464	2	2	2	17	8	9	1.0	0.0	0.1634	-0.5757
PDE1C	ENSG00000154678	2	2	2	17	8	9	1.0	0.0	0.1634	-0.5757
PDE10A	ENSG00000112541	2	2	2	17	8	9	1.0	0.0	0.1634	-0.5757
PDE8A	ENSG00000073417	2	2	2	17	8	9	1.0	0.0	0.1634	-0.5757
PDE6D	ENSG00000156973	2	2	2	17	8	9	1.0	0.0	0.1634	-0.5757
PDE1A	ENSG00000115252	2	2	2	17	8	9	1.0	0.0	0.1634	-0.5757
PDE6G	ENSG00000185527	2	2	2	17	8	9	1.0	0.0	0.1634	-0.5757
SLC29A1	ENSG00000112759	1	1	1	8	4	4	1.0	0.0	0.2855	0.1293
PDE6H	ENSG00000139053	2	2	2	17	8	9	1.0	0.0	0.1634	-0.5757
SCN5A	ENSG00000183873	18	15	15	1211	541	670	0.8333	0.0	-0.071	-0.5493
IL1R1	ENSG00000115594	1	1	1	100	48	52	1.0	0.0	-0.1562	-0.5153
ADRB2	ENSG00000169252	12	11	11	363	170	193	0.9167	0.0	-0.1532	-0.529
CCND1	ENSG00000110092	1	1	1	38	18	20	1.0	0.0	-0.3364	-0.5095
CDK4	ENSG00000135446	3	3	3	60	23	37	1.0	0.0	-0.5383	-0.6745
GCGR	ENSG00000288269	1	1	1	12	5	7	1.0	0.0	-0.3023	-0.652
GRIA1	ENSG00000155511	2	2	2	225	106	119	1.0	0.0	0.0307	-0.5337
PCSK9	ENSG00000169174	2	2	2	184	34	150	1.0	0.0	-0.5158	-0.6294
TNFSF13B	ENSG00000102524	1	1	1	22	2	20	1.0	0.0	-1.1647	-1.0588
SLC6A3	ENSG00000276996	9	8	8	224	140	84	0.8889	0.0	0.226	0.5836
SERPINC1	ENSG00000117601	3	3	3	172	108	64	1.0	0.0	0.1013	0.6194
IL4R	ENSG00000077238	1	1	1	289	49	240	1.0	0.0	-0.5128	-0.6409
FDPS	ENSG00000160752	2	2	2	395	106	289	1.0	0.0	-0.4693	-0.6752
CHRNA4	ENSG00000101204	2	2	2	200	43	157	1.0	0.0	-0.4566	-0.6215
CHRNB2	ENSG00000160716	2	2	2	200	43	157	1.0	0.0	-0.4566	-0.6215
ADORA2A	ENSG00000128271	8	7	7	174	85	89	0.875	0.0	0.0067	-0.5256
GRIK3	ENSG00000163873	1	1	1	200	96	104	1.0	0.0	0.0578	-0.5329
GRIA2	ENSG00000120251	2	2	2	225	106	119	1.0	0.0	0.0307	-0.5337
GRIA4	ENSG00000152578	2	2	2	225	106	119	1.0	0.0	0.0307	-0.5337
GRIK4	ENSG00000149403	1	1	1	200	96	104	1.0	0.0	0.0578	-0.5329
F9	ENSG00000101981	1	1	1	5	4	1	1.0	0.0	1.4802	1.3386
GRIK2	ENSG00000164418	1	1	1	200	96	104	1.0	0.0	0.0578	-0.5329
GRIK1	ENSG00000171189	1	1	1	200	96	104	1.0	0.0	0.0578	-0.5329
CA4	ENSG00000167434	2	2	2	215	103	112	1.0	0.0	0.0412	-0.5337
GRIA3	ENSG00000125675	2	2	2	225	106	119	1.0	0.0	0.0307	-0.5337
GRIK5	ENSG00000105737	1	1	1	200	96	104	1.0	0.0	0.0578	-0.5329
XDH	ENSG00000158125	2	2	2	252	158	94	1.0	0.0	0.2042	0.6253
C5	ENSG00000106804	3	3	3	182	58	124	1.0	0.0	-0.3026	-0.5873
ITGA4	ENSG00000115232	2	2	2	374	195	179	1.0	0.0	0.0815	0.518
ITGB7	ENSG00000139626	2	2	2	374	195	179	1.0	0.0	0.0815	0.518
TRPA1	ENSG00000104321	1	1	1	16	5	11	1.0	0.0	-0.6541	-0.7407
TRPM8	ENSG00000144481	1	1	1	16	5	11	1.0	0.0	-0.6541	-0.7407
HMGCR	ENSG00000113161	5	5	5	364	168	196	1.0	0.0	-0.0375	-0.5313
PSMB4	ENSG00000159377	2	2	2	183	125	58	1.0	0.0	0.2942	0.5973
PSMC3	ENSG00000165916	2	2	2	183	125	58	1.0	0.0	0.2942	0.5973
PSMD13	ENSG00000185627	2	2	2	183	125	58	1.0	0.0	0.2942	0.5973
CYP3A5	ENSG00000106258	1	1	1	102	43	59	1.0	0.0	-0.1157	-0.5398
HPD	ENSG00000158104	1	1	1	4	3	1	1.0	0.0	0.682	1.0336
MC2R	ENSG00000185231	1	1	1	43	7	36	1.0	0.0	-0.5161	-0.6091
PGF	ENSG00000119630	1	1	1	57	23	34	1.0	0.0	-0.2141	-0.5214
ITGB1	ENSG00000150093	1	1	1	141	32	109	1.0	0.0	-0.4376	-0.6187
TTR	ENSG00000118271	1	1	1	22	19	3	1.0	0.0	0.5583	0.6461
PGA5	ENSG00000256713	1	1	1	19	9	10	1.0	0.0	0.0665	-0.511
ATP1A3	ENSG00000105409	2	2	2	81	37	44	1.0	0.0	-0.0829	-0.5221
ATP1B2	ENSG00000129244	2	2	2	81	37	44	1.0	0.0	-0.0829	-0.5221
ATP1A2	ENSG00000018625	2	2	2	81	37	44	1.0	0.0	-0.0829	-0.5221
FXYD2	ENSG00000137731	2	2	2	81	37	44	1.0	0.0	-0.0829	-0.5221
ATP1A4	ENSG00000132681	2	2	2	81	37	44	1.0	0.0	-0.0829	-0.5221
ATP1B3	ENSG00000069849	2	2	2	81	37	44	1.0	0.0	-0.0829	-0.5221
ATP1A1	ENSG00000163399	2	2	2	81	37	44	1.0	0.0	-0.0829	-0.5221
ATP1B1	ENSG00000143153	2	2	2	81	37	44	1.0	0.0	-0.0829	-0.5221
BCR	ENSG00000186716	2	2	2	104	68	36	1.0	0.0	0.2628	0.583
CD79B	ENSG00000007312	1	1	1	41	33	8	1.0	0.0	0.5665	0.7334
CA12	ENSG00000074410	1	1	1	15	7	8	1.0	0.0	-0.1797	-0.5988
PRKCZ	ENSG00000067606	1	1	1	18	9	9	1.0	0.0	-0.1419	-0.0158
PRKCB	ENSG00000166501	1	1	1	18	9	9	1.0	0.0	-0.1419	-0.0158
PRKCI	ENSG00000163558	1	1	1	18	9	9	1.0	0.0	-0.1419	-0.0158
PRKD3	ENSG00000115825	1	1	1	18	9	9	1.0	0.0	-0.1419	-0.0158
PRKD1	ENSG00000184304	1	1	1	18	9	9	1.0	0.0	-0.1419	-0.0158
PRKCQ	ENSG00000065675	1	1	1	18	9	9	1.0	0.0	-0.1419	-0.0158
PRKCD	ENSG00000163932	1	1	1	18	9	9	1.0	0.0	-0.1419	-0.0158
PRKCE	ENSG00000171132	1	1	1	18	9	9	1.0	0.0	-0.1419	-0.0158
PRKCA	ENSG00000154229	1	1	1	18	9	9	1.0	0.0	-0.1419	-0.0158
PRKCG	ENSG00000126583	1	1	1	18	9	9	1.0	0.0	-0.1419	-0.0158
CSF1R	ENSG00000182578	4	3	3	141	90	51	0.75	0.0	0.2323	0.5682
PIK3CD	ENSG00000171608	1	1	1	29	23	6	1.0	0.0	0.5213	0.6366
BCHE	ENSG00000114200	1	1	1	74	28	46	1.0	0.0	-0.2174	-0.5493
EPHB3	ENSG00000182580	1	1	1	11	7	4	1.0	0.0	0.2951	0.8373
EPHA7	ENSG00000135333	1	1	1	11	7	4	1.0	0.0	0.2951	0.8373
EPHA3	ENSG00000044524	1	1	1	11	7	4	1.0	0.0	0.2951	0.8373
EPHB4	ENSG00000196411	1	1	1	11	7	4	1.0	0.0	0.2951	0.8373
EPHB6		1	1	1	11	7	4	1.0	0.0	0.2951	0.8373
EPHB2	ENSG00000133216	1	1	1	11	7	4	1.0	0.0	0.2951	0.8373
EPHB1	ENSG00000154928	1	1	1	11	7	4	1.0	0.0	0.2951	0.8373
EPHA1	ENSG00000284816	1	1	1	11	7	4	1.0	0.0	0.2951	0.8373
EPHA10	ENSG00000183317	1	1	1	11	7	4	1.0	0.0	0.2951	0.8373
EPHA8	ENSG00000070886	1	1	1	11	7	4	1.0	0.0	0.2951	0.8373
EPHA5	ENSG00000145242	1	1	1	11	7	4	1.0	0.0	0.2951	0.8373
ERBB3	ENSG00000065361	1	1	1	11	7	4	1.0	0.0	0.2951	0.8373
EPHA4	ENSG00000116106	1	1	1	11	7	4	1.0	0.0	0.2951	0.8373
DLL3	ENSG00000090932	1	1	1	3	2	1	1.0	0.0	0.5193	0.6917
GIPR	ENSG00000010310	1	1	1	95	8	87	1.0	0.0	-0.5797	-0.6334
AXL	ENSG00000167601	1	1	1	33	28	5	1.0	0.0	0.5794	0.7052
CD33	ENSG00000105383	1	1	1	9	6	3	1.0	0.0	0.3566	0.6526
SRC	ENSG00000291971	2	2	2	45	25	20	1.0	0.0	0.1064	0.5239
LYN	ENSG00000254087	1	1	1	34	18	16	1.0	0.0	0.0454	0.5059
HCK	ENSG00000101336	1	1	1	34	18	16	1.0	0.0	0.0454	0.5059
		5	4	4	58	31	27	0.8	0.0	0.0669	0.5142
GPRC5D	ENSG00000111291	1	1	1	7	3	4	1.0	0.0	-0.1716	-0.5417
TNFRSF8	ENSG00000120949	1	1	1	61	45	16	1.0	0.0	0.3995	0.6353
PPIA	ENSG00000196262	1	1	1	52	27	25	1.0	0.0	0.0658	0.5024
TSLP	ENSG00000145777	1	1	1	15	2	13	1.0	0.0	-0.5476	-0.6815
BCL2	ENSG00000171791	1	1	1	168	121	47	1.0	0.0	0.4106	0.6434
PLAT	ENSG00000104368	2	2	2	75	56	19	1.0	0.0	0.4149	0.6722
PRKCH	ENSG00000027075	1	1	1	18	9	9	1.0	0.0	-0.1419	-0.0158
CYP3A43	ENSG00000021461	1	1	1	102	43	59	1.0	0.0	-0.1157	-0.5398
PSMD3	ENSG00000108344	2	2	2	183	125	58	1.0	0.0	0.2942	0.5973
CYP3A4	ENSG00000160868	1	1	1	102	43	59	1.0	0.0	-0.1157	-0.5398
TACSTD2	ENSG00000184292	1	1	1	11	3	8	1.0	0.0	-0.3666	-0.7418
EDNRB	ENSG00000136160	3	3	3	324	128	196	1.0	0.0	-0.2021	-0.5382
EDNRA	ENSG00000151617	4	4	4	337	134	203	1.0	0.0	-0.1981	-0.5383
DNMT1	ENSG00000130816	2	2	2	130	103	27	1.0	0.0	0.5061	0.6664
DNMT3A	ENSG00000119772	2	2	2	130	103	27	1.0	0.0	0.5061	0.6664
TOP2B	ENSG00000077097	3	3	3	282	221	61	1.0	0.0	0.5264	0.7223
CD52	ENSG00000169442	1	1	1	195	144	51	1.0	0.0	0.4172	0.6672
VKORC1	ENSG00000167397	3	3	3	56	43	13	1.0	0.0	0.5066	0.7147
PSMB8	ENSG00000230034	2	2	2	183	125	58	1.0	0.0	0.2942	0.5973
PSMB2	ENSG00000126067	2	2	2	183	125	58	1.0	0.0	0.2942	0.5973
PSMD7	ENSG00000103035	2	2	2	183	125	58	1.0	0.0	0.2942	0.5973
PSMD8	ENSG00000099341	2	2	2	183	125	58	1.0	0.0	0.2942	0.5973
PSMA7	ENSG00000101182	2	2	2	183	125	58	1.0	0.0	0.2942	0.5973
PSMA2	ENSG00000106588	2	2	2	183	125	58	1.0	0.0	0.2942	0.5973
PSMC5	ENSG00000087191	2	2	2	183	125	58	1.0	0.0	0.2942	0.5973
PSMB3	ENSG00000275903	2	2	2	183	125	58	1.0	0.0	0.2942	0.5973
PSMD2	ENSG00000175166	2	2	2	183	125	58	1.0	0.0	0.2942	0.5973
PSMC6	ENSG00000100519	2	2	2	183	125	58	1.0	0.0	0.2942	0.5973
PSMC2	ENSG00000161057	2	2	2	183	125	58	1.0	0.0	0.2942	0.5973
PSMB6	ENSG00000142507	2	2	2	183	125	58	1.0	0.0	0.2942	0.5973
PSMB10	ENSG00000205220	2	2	2	183	125	58	1.0	0.0	0.2942	0.5973
SEM1	ENSG00000127922	2	2	2	183	125	58	1.0	0.0	0.2942	0.5973
PSMB9	ENSG00000240508	2	2	2	183	125	58	1.0	0.0	0.2942	0.5973
ADRM1	ENSG00000130706	2	2	2	183	125	58	1.0	0.0	0.2942	0.5973
PSMC4	ENSG00000281221	2	2	2	183	125	58	1.0	0.0	0.2942	0.5973
PSMD14	ENSG00000115233	2	2	2	183	125	58	1.0	0.0	0.2942	0.5973
PSMA8	ENSG00000154611	2	2	2	183	125	58	1.0	0.0	0.2942	0.5973
EGFR	ENSG00000146648	10	9	9	228	145	83	0.9	0.0	0.208	0.5976
PLG	ENSG00000122194	3	3	3	48	33	15	1.0	0.0	0.3499	0.7034
HCN4	ENSG00000138622	1	1	1	32	14	18	1.0	0.0	-0.1743	-0.5202
ABL1	ENSG00000097007	5	5	5	213	140	73	1.0	0.0	0.2663	0.5802
SLC12A1	ENSG00000074803	3	3	3	415	232	183	1.0	0.0	0.1168	0.5437
GART	ENSG00000262473	1	1	1	133	104	29	1.0	0.0	0.5185	0.7098
MAP2K1	ENSG00000169032	4	4	4	137	73	64	1.0	0.0	0.0636	0.5175
MAP2K2	ENSG00000126934	4	4	4	137	73	64	1.0	0.0	0.0636	0.5175
PPP3CA	ENSG00000138814	1	1	1	22	3	19	1.0	0.0	-0.6323	-0.6576
FRK	ENSG00000111816	1	1	1	70	52	18	1.0	0.0	0.4061	0.6534
BRAF	ENSG00000157764	3	3	3	159	109	50	1.0	0.0	0.3173	0.61
TEK	ENSG00000120156	2	2	2	81	59	22	1.0	0.0	0.391	0.6674
RAF1	ENSG00000132155	1	1	1	70	52	18	1.0	0.0	0.4061	0.6534
EPHA2	ENSG00000142627	2	2	2	81	59	22	1.0	0.0	0.391	0.6674
DDR2	ENSG00000162733	1	1	1	70	52	18	1.0	0.0	0.4061	0.6534
MAPK11	ENSG00000185386	1	1	1	70	52	18	1.0	0.0	0.4061	0.6534
GSR	ENSG00000104687	1	1	1	39	36	3	1.0	0.0	0.8314	0.8697
CD274	ENSG00000120217	3	3	3	232	192	40	1.0	0.0	0.5828	0.7012
PTGIR	ENSG00000160013	3	3	3	256	88	168	1.0	0.0	-0.2808	-0.5859
NISCH	ENSG00000010322	2	2	2	18	9	9	1.0	0.0	0.0288	0.0302
GRIN2A	ENSG00000183454	5	4	4	48	19	29	0.8	0.0	-0.1185	-0.5453
P2RY12	ENSG00000169313	2	2	2	158	127	31	1.0	0.0	0.4938	0.6749
SOST	ENSG00000167941	1	1	1	10	1	9	1.0	0.0	-0.7437	-0.7898
CRBN	ENSG00000113851	3	3	3	482	293	189	1.0	0.0	0.1733	0.5692
DDB1	ENSG00000167986	3	3	3	482	293	189	1.0	0.0	0.1733	0.5692
CUL4A	ENSG00000139842	3	3	3	482	293	189	1.0	0.0	0.1733	0.5692
RBX1	ENSG00000100387	3	3	3	482	293	189	1.0	0.0	0.1733	0.5692
IMPA1	ENSG00000133731	1	1	1	28	18	10	1.0	0.0	0.184	0.5831
GSK3B	ENSG00000082701	1	1	1	28	18	10	1.0	0.0	0.184	0.5831
CD38	ENSG00000004468	2	2	2	136	102	34	1.0	0.0	0.4393	0.6346
GSK3A	ENSG00000105723	1	1	1	28	18	10	1.0	0.0	0.184	0.5831
